cross_bin,share_feature,outcome_col,n_rows,n_groups,var_treatment,r2_y_nuisance,r2_t_nuisance,skip_reason,share_q01,share_q50,share_q99,support_width_1_99,bootstrap_success,effect_per_1pp,effect_per_5pp,ci_low,ci_high,p_value,q_value,abs_effect_per_1pp,soc_bin,rate_bin,temp_bin,cross_label
17,share_17,y_cap_drop_h,98893,173,0.0001348391505188725,0.3134462654203637,0.16213740444566427,,0.0,0.0,0.045369990170001984,0.045369990170001984,400,0.004344196853606494,0.02172098426803247,0.0024028204644858256,0.006168306945349305,0.0,0.0,0.004344196853606494,1,4,2,s1_r4_t2
13,share_13,y_cap_drop_h,98893,173,0.00010249829769554441,0.3134462654203637,0.07788361950072564,,0.0,0.0,0.05252561315894127,0.05252561315894127,400,-0.0035722524957007367,-0.017861262478503684,-0.006031517014444583,-0.001737533945863497,0.0,0.0,0.0035722524957007367,1,3,3,s1_r3_t3
30,share_30,y_cap_drop_h,98893,173,0.0010760535637679817,0.3134462654203637,0.6148677422358426,,0.0,0.0,0.1710815131664276,0.1710815131664276,400,-0.001725707087693538,-0.00862853543846769,-0.0024316587496094996,-0.0010186594235618669,0.0,0.0,0.001725707087693538,2,2,5,s2_r2_t5
37,share_37,y_cap_drop_h,98893,173,0.0008377894064313968,0.3134462654203637,0.16920974777041586,,0.0,0.0,0.13427955090999608,0.13427955090999608,400,0.0015513587698252505,0.0077567938491262525,0.0008956435272440158,0.0032990452043102796,0.0,0.0,0.0015513587698252505,2,4,2,s2_r4_t2
38,share_38,y_cap_drop_h,98893,173,0.0026732383066184998,0.3134462654203637,0.1683114665333454,,0.0,0.0,0.25587227940559387,0.25587227940559387,400,0.0011593222977219304,0.005796611488609652,0.0007330813757052559,0.0017233619108547077,0.0,0.0,0.0011593222977219304,2,4,3,s2_r4_t3
32,share_32,y_cap_drop_h,98893,173,0.0021627039052322383,0.3134462654203637,0.2614573069137689,,0.0,0.0,0.25618693232536316,0.25618693232536316,400,-0.000673492815966381,-0.003367464079831905,-0.0011607943091575287,-0.00020418189519474995,0.0,0.0,0.000673492815966381,2,3,2,s2_r3_t2
33,share_33,y_cap_drop_h,98893,173,0.0041878117615974314,0.3134462654203637,0.12497988494364787,,0.0,0.0,0.3225134313106537,0.3225134313106537,400,-0.0005410037916625774,-0.0027050189583128874,-0.000836849751047931,-0.00021119390219946318,0.0,0.0,0.0005410037916625774,2,3,3,s2_r3_t3
34,share_34,y_cap_drop_h,98893,173,0.008358540888755555,0.3134462654203637,0.09127209893010124,,0.0,0.0,0.43405792355537415,0.43405792355537415,400,-0.00047166139817214744,-0.0023583069908607373,-0.0007773253572959363,-0.00023426633890122098,0.0,0.0,0.00047166139817214744,2,3,4,s2_r3_t4
10,share_10,y_cap_drop_h,98893,173,1.6121543070104425e-09,0.3134462654203637,0.5235111211495947,,0.0,0.0,0.00017586594447493553,0.00017586594447493553,400,-0.9405125154168605,-4.702562577084303,-1.4709609548412361,-0.25149634224193723,0.005,0.02291666666666667,0.9405125154168605,1,2,5,s1_r2_t5
12,share_12,y_cap_drop_h,98893,173,8.882320129600584e-05,0.3134462654203637,0.22347263880075885,,0.0,0.0,0.05441289395093918,0.05441289395093918,400,-0.0032611484113394037,-0.016305742056697017,-0.005128585191732475,-0.0010451399076511656,0.005,0.02291666666666667,0.0032611484113394037,1,3,2,s1_r3_t2
15,share_15,y_cap_drop_h,98893,173,0.0001241260127364898,0.3134462654203637,0.16347501554760857,,0.0,0.0,0.052525561302900314,0.052525561302900314,400,-0.002930405331667855,-0.014652026658339277,-0.005319592598625323,-0.000732873288483159,0.005,0.02291666666666667,0.002930405331667855,1,3,5,s1_r3_t5
25,share_25,y_cap_drop_h,98893,173,1.8302010279367667e-05,0.3134462654203637,-0.028684779750894895,,0.0,0.0,0.002007070481777191,0.002007070481777191,400,-0.001753853149774018,-0.00876926574887009,-0.022225288853861772,-0.0009800431779049708,0.005,0.02291666666666667,0.001753853149774018,2,1,5,s2_r1_t5
36,share_36,y_cap_drop_h,98893,173,0.0004402869904822347,0.3134462654203637,0.052613621608246786,,0.0,0.0,0.13449381291866302,0.13449381291866302,400,0.0015528655440948322,0.007764327720474161,0.00045022805671022733,0.002393136558024048,0.01,0.03928571428571429,0.0015528655440948322,2,4,1,s2_r4_t1
39,share_39,y_cap_drop_h,98893,173,0.0030496403493501002,0.3134462654203637,0.15792621707693555,,0.0,0.0013178951339796185,0.2437656968832016,0.2437656968832016,400,0.0005774597115968782,0.0028872985579843913,0.00014943650969228065,0.0010306387017479154,0.01,0.03928571428571429,0.0005774597115968782,2,4,4,s2_r4_t4
5,share_05,y_cap_drop_h,98893,173,3.6364417704551957e-10,0.3134462654203637,0.0862991698191582,,0.0,0.0,0.00010636533959768738,0.00010636533959768738,400,1.246480463282167,6.232402316410836,0.23030716958731523,2.21497957221613,0.015,0.055,1.246480463282167,1,1,5,s1_r1_t5
18,share_18,y_cap_drop_h,98893,173,0.00019946800753089963,0.3134462654203637,0.15626624288610635,,0.0,0.0,0.05224660038948059,0.05224660038948059,400,0.0021276663036104725,0.010638331518052364,0.00030585443811673613,0.0035421543233081303,0.02,0.06875,0.0021276663036104725,1,4,3,s1_r4_t3
16,share_16,y_cap_drop_h,98893,173,5.294700473456083e-05,0.3134462654203637,0.1402175577748218,,0.0,0.0,0.03859513282775879,0.03859513282775879,400,0.0035635702576244143,0.017817851288122074,0.0005667465370507,0.006955340423642488,0.025,0.08088235294117647,0.0035635702576244143,1,4,1,s1_r4_t1
4,share_04,y_cap_drop_h,98893,173,6.412757850566349e-10,0.3134462654203637,0.18232914228512254,,0.0,0.0,0.0001087327813729645,0.0001087327813729645,400,-0.7172986911442587,-3.5864934557212935,-1.385755101424882,-0.1012788634410109,0.03,0.09166666666666666,0.7172986911442587,1,1,4,s1_r1_t4
42,share_42,y_cap_drop_h,98893,173,0.00857796689439572,0.3134462654203637,0.08777976997137071,,0.0,0.029786815866827965,0.37162289023399353,0.37162289023399353,400,0.00026010706118935077,0.001300535305946754,2.337468380233441e-05,0.0005034076514007391,0.04,0.11578947368421054,0.00026010706118935077,3,1,2,s3_r1_t2
2,share_02,y_cap_drop_h,98893,173,1.060640914190384e-09,0.3134462654203637,0.2366094990655595,,0.0,0.0,0.0001525331899756566,0.0001525331899756566,400,-0.5709814347992592,-2.8549071739962963,-1.2372438176695946,-0.017332033134060326,0.045,0.12375,0.5709814347992592,1,1,2,s1_r1_t2
8,share_08,y_cap_drop_h,98893,173,1.8521314537178318e-08,0.3134462654203637,0.009205571674499202,,0.0,0.0,0.00017155178706161693,0.00017155178706161693,400,0.05690492248406911,0.28452461242034555,-0.0018588487796712136,0.3638520256324983,0.055,0.13749999999999998,0.05690492248406911,1,2,3,s1_r2_t3
41,share_41,y_cap_drop_h,98893,173,0.011783865818388625,0.3134462654203637,0.5314856896965037,,0.0,0.0,0.4626416862010956,0.4626416862010956,400,0.0002721731354362174,0.0013608656771810868,-9.519143697495595e-06,0.0005455468411985818,0.055,0.13749999999999998,0.0002721731354362174,3,1,1,s3_r1_t1
29,share_29,y_cap_drop_h,98893,173,0.0015379828602906194,0.3134462654203637,0.16424727075115175,,0.0,0.0018719229847192764,0.14604689180850983,0.14604689180850983,400,-0.0005712860169186813,-0.002856430084593406,-0.0013347377758207183,1.3883499825573619e-05,0.065,0.15543478260869567,0.0005712860169186813,2,2,4,s2_r2_t4
7,share_07,y_cap_drop_h,98893,173,3.638329999494228e-06,0.3134462654203637,0.0019051582955795787,,0.0,0.0,0.00020023527031298727,0.00020023527031298727,400,0.013629790138001092,0.06814895069000547,-0.0052868196109494845,0.06463085399265728,0.08,0.17600000000000002,0.013629790138001092,1,2,2,s1_r2_t2
6,share_06,y_cap_drop_h,98893,173,1.0073633055967614e-05,0.3134462654203637,0.001984537621684934,,0.0,0.0,0.00015642800310160967,0.00015642800310160967,400,0.010112045163598064,0.05056022581799033,-0.005770200475113641,0.018849805312764867,0.08,0.17600000000000002,0.010112045163598064,1,2,1,s1_r2_t1
9,share_09,y_cap_drop_h,98893,173,2.2843787328277966e-09,0.3134462654203637,0.09568924132955936,,0.0,0.0,0.00016007463680580263,0.00016007463680580263,400,-0.438873922974228,-2.1943696148711402,-0.9787448063029556,0.05941692242030625,0.12,0.24444444444444444,0.438873922974228,1,2,4,s1_r2_t4
54,share_54,y_cap_drop_h,98893,173,2.858473893574535e-06,0.3134462654203637,-0.005928575268795422,,0.0,0.0,0.005185450986027844,0.005185450986027844,400,0.007989825560289363,0.03994912780144682,-0.0018051860048130062,0.022769792798337987,0.12,0.24444444444444444,0.007989825560289363,3,3,4,s3_r3_t4
14,share_14,y_cap_drop_h,98893,173,7.880608354112938e-05,0.3134462654203637,0.060030425334049786,,0.0,0.0,0.04990418255329132,0.04990418255329132,400,-0.0017329653622558346,-0.008664826811279175,-0.00427024975531252,0.00030026031982793616,0.135,0.24750000000000003,0.0017329653622558346,1,3,4,s1_r3_t4
47,share_47,y_cap_drop_h,98893,173,0.003925559538421206,0.3134462654203637,0.17834251385017796,,0.0,0.0,0.2190740555524826,0.2190740555524826,400,0.0002591312016584707,0.0012956560082923534,-5.490195503771358e-05,0.0005877991767994795,0.135,0.24750000000000003,0.0002591312016584707,3,2,2,s3_r2_t2
35,share_35,y_cap_drop_h,98893,173,0.009227838243908191,0.3134462654203637,0.36463667936826427,,0.0,0.001741250278428197,0.48689520359039307,0.48689520359039307,400,-0.00019219332648354144,-0.0009609666324177072,-0.00045317357115641564,6.574788055596479e-05,0.13,0.24750000000000003,0.00019219332648354144,2,3,5,s2_r3_t5
49,share_49,y_cap_drop_h,98893,173,0.0027976005258433085,0.3134462654203637,0.3866244697344551,,0.0,0.0,0.2228715866804123,0.2228715866804123,400,-0.0003324615615350418,-0.001662307807675209,-0.0007921463967205352,0.00015368960799378245,0.165,0.292741935483871,0.0003324615615350418,3,2,4,s3_r2_t4
3,share_03,y_cap_drop_h,98893,173,1.0154357260913652e-09,0.3134462654203637,0.0973160132639539,,0.0,0.0,0.00011592697293963286,0.00011592697293963286,400,-0.34488676989340256,-1.7244338494670128,-0.8886597933119205,0.14573094990151889,0.19,0.325,0.34488676989340256,1,1,3,s1_r1_t3
51,share_51,y_cap_drop_h,98893,173,1.2174620522007776e-09,0.3134462654203637,-0.004160092440478325,,0.0,0.0,0.0,0.0,400,0.14046235452826888,0.7023117726413445,-0.5257014464751397,0.9211602354843567,0.195,0.325,0.14046235452826888,3,3,1,s3_r3_t1
11,share_11,y_cap_drop_h,98893,173,6.3119052745279e-05,0.3134462654203637,0.1455044830629929,,0.0,0.0,0.04982395097613335,0.04982395097613335,400,-0.001699242833035658,-0.00849621416517829,-0.004387852607981193,0.0006194795298656052,0.22,0.3558823529411765,0.001699242833035658,1,3,1,s1_r3_t1
48,share_48,y_cap_drop_h,98893,173,0.004850366124911269,0.3134462654203637,0.1776366850256048,,0.0,0.0,0.24283632636070251,0.24283632636070251,400,-0.00024451106869581763,-0.0012225553434790882,-0.0006214363569585713,0.00012741588363918588,0.23,0.36142857142857143,0.00024451106869581763,3,2,3,s3_r2_t3
21,share_21,y_cap_drop_h,98893,173,0.00026104338786467823,0.3134462654203637,-0.10052127267518407,,0.0,0.0,0.003321596886962652,0.003321596886962652,400,0.0006739438171111488,0.003369719085555744,-0.00042831171184078555,0.0038211496476655547,0.33,0.5041666666666668,0.0006739438171111488,2,1,1,s2_r1_t1
52,share_52,y_cap_drop_h,98893,173,1.2223922568419717e-07,0.3134462654203637,0.004976674275136372,,0.0,0.0,0.0,0.0,400,-0.012507859935431648,-0.06253929967715825,-0.03332728398886238,0.021599459349992182,0.355,0.5138157894736842,0.012507859935431648,3,3,2,s3_r3_t2
20,share_20,y_cap_drop_h,98893,173,0.00020862057063268682,0.3134462654203637,0.4206682180904642,,0.0,0.0,0.060530852526426315,0.060530852526426315,400,-0.0008668881987840627,-0.004334440993920313,-0.0027083566075016595,0.000823112198227548,0.35,0.5138157894736842,0.0008668881987840627,1,4,5,s1_r4_t5
45,share_45,y_cap_drop_h,98893,173,0.0006026684208450021,0.3134462654203637,0.01868619932272464,,0.0,0.0,0.1485312002897268,0.1485312002897268,400,0.0003213976146840486,0.0016069880734202431,-0.00034380575239595064,0.001024012402389579,0.385,0.542948717948718,0.0003213976146840486,3,1,5,s3_r1_t5
26,share_26,y_cap_drop_h,98893,173,0.0006042916262714778,0.3134462654203637,0.26592612381151026,,0.0,0.0,0.1482391357421875,0.1482391357421875,400,0.0004372966238309411,0.0021864831191547055,-0.00043877175815952807,0.0012608060809614933,0.395,0.5431250000000001,0.0004372966238309411,2,2,1,s2_r2_t1
31,share_31,y_cap_drop_h,98893,173,0.0014489673316801155,0.3134462654203637,0.12310401578847785,,0.0,0.0,0.2570273375511206,0.2570273375511206,400,-0.00019328406378263177,-0.0009664203189131589,-0.0010799751954539858,0.00024977048144216024,0.405,0.5432926829268293,0.00019328406378263177,2,3,1,s2_r3_t1
55,share_55,y_cap_drop_h,98893,173,8.23666228254045e-07,0.3134462654203637,-0.0013401966868911153,,0.0,0.0,0.0,0.0,400,0.004521774226047826,0.02260887113023913,-0.009672436947499924,0.04472614121499647,0.45,0.5892857142857143,0.004521774226047826,3,3,5,s3_r3_t5
23,share_23,y_cap_drop_h,98893,173,2.5918304427860272e-05,0.3134462654203637,-0.006090661002997155,,0.0,0.0,0.003615851979702711,0.003615851979702711,400,0.0019691921080266647,0.009845960540133324,-0.007285212997017437,0.005005986868006787,0.485,0.5918478260869565,0.0019691921080266647,2,1,3,s2_r1_t3
22,share_22,y_cap_drop_h,98893,173,2.186412196297837e-05,0.3134462654203637,0.0011636686904604732,,0.0,0.0,0.001862847576849166,0.001862847576849166,400,0.00032487385144069024,0.001624369257203451,-0.00042910002742111537,0.003845773179363656,0.495,0.5918478260869565,0.00032487385144069024,2,1,2,s2_r1_t2
27,share_27,y_cap_drop_h,98893,173,0.0013434369764191022,0.3134462654203637,0.31455833627061525,,0.0,0.0,0.15955031096935274,0.15955031096935274,400,0.00022475646492465173,0.0011237823246232586,-0.0004668559688388862,0.0008302377489484032,0.48,0.5918478260869565,0.00022475646492465173,2,2,2,s2_r2_t2
43,share_43,y_cap_drop_h,98893,173,0.006363313667786441,0.3134462654203637,0.19811850575408485,,0.0,0.0,0.36868507623672486,0.36868507623672486,400,0.00010545185817682217,0.0005272592908841109,-0.00018845139662499133,0.0003831385846185808,0.485,0.5918478260869565,0.00010545185817682217,3,1,3,s3_r1_t3
44,share_44,y_cap_drop_h,98893,173,0.0018133950361615089,0.3134462654203637,0.4080274174363039,,0.0,0.0,0.22610366344451904,0.22610366344451904,400,-0.00014422901598382635,-0.0007211450799191318,-0.0006226702721535363,0.0003370988594857858,0.59,0.6904255319148935,0.00014422901598382635,3,1,4,s3_r1_t4
40,share_40,y_cap_drop_h,98893,173,0.0044216584917379665,0.3134462654203637,0.42314568207593395,,0.0,0.0,0.3050462019443512,0.3050462019443512,400,5.758004784551242e-05,0.0002879002392275621,-0.0002399195519650039,0.0004964347494336552,0.68,0.7791666666666668,5.758004784551242e-05,2,4,5,s2_r4_t5
28,share_28,y_cap_drop_h,98893,173,0.0019640595094969045,0.3134462654203637,0.19675332952602842,,0.0,0.00011447448196122423,0.16437329888343813,0.16437329888343813,400,-6.909629852804289e-05,-0.00034548149264021445,-0.000638780867558854,0.0004695433260306433,0.77,0.8642857142857143,6.909629852804289e-05,2,2,3,s2_r2_t3
53,share_53,y_cap_drop_h,98893,173,1.0296919275536225e-06,0.3134462654203637,0.02150066090548919,,0.0,0.0,0.0,0.0,400,-0.0023402735912742578,-0.01170136795637129,-0.02673996334292852,0.01611849741648449,0.82,0.8843137254901959,0.0023402735912742578,3,3,3,s3_r3_t3
19,share_19,y_cap_drop_h,98893,173,0.00021567190299121963,0.3134462654203637,0.12417855437674152,,0.0,0.0,0.05197099968791008,0.05197099968791008,400,-0.00015753541440264744,-0.0007876770720132373,-0.0017785218126446416,0.0012643404329904357,0.82,0.8843137254901959,0.00015753541440264744,1,4,4,s1_r4_t4
46,share_46,y_cap_drop_h,98893,173,0.0018102278448655586,0.3134462654203637,0.3501105993590147,,0.0,0.0,0.16256453692913062,0.16256453692913062,400,-5.227549769184476e-05,-0.0002613774884592238,-0.0006166300986817791,0.0006036868059571655,0.845,0.89375,5.227549769184476e-05,3,2,1,s3_r2_t1
1,share_01,y_cap_drop_h,98893,173,5.513808047149189e-10,0.3134462654203637,0.18538859597523238,,0.0,0.0,0.00010692518844734877,0.00010692518844734877,400,-0.003385885103681646,-0.01692942551840823,-0.9655427758858538,0.851673336936572,0.87,0.9028301886792454,0.003385885103681646,1,1,1,s1_r1_t1
50,share_50,y_cap_drop_h,98893,173,0.0015996090212721029,0.3134462654203637,0.4142249434980234,,0.0,0.0,0.24070342004299175,0.24070342004299175,400,-9.936079387509915e-06,-4.968039693754958e-05,-0.0006329890503760336,0.0005532091077512601,0.89,0.9064814814814816,9.936079387509915e-06,3,2,5,s3_r2_t5
24,share_24,y_cap_drop_h,98893,173,3.250502253183523e-05,0.3134462654203637,-0.0006018669417469091,,0.0,0.0,0.001995268277823925,0.001995268277823925,400,-5.040223453892697e-05,-0.00025201117269463486,-0.001988690486200389,0.0026215757655794142,0.935,0.935,5.040223453892697e-05,2,1,4,s2_r1_t4
56,share_56,y_cap_drop_h,98893,173,0.0,0.3134462654203637,1.0,low_treatment_variance,0.0,0.0,0.0,0.0,0,,,,,,,,3,4,1,s3_r4_t1
57,share_57,y_cap_drop_h,98893,173,0.0,0.3134462654203637,1.0,low_treatment_variance,0.0,0.0,0.0,0.0,0,,,,,,,,3,4,2,s3_r4_t2
58,share_58,y_cap_drop_h,98893,173,0.0,0.3134462654203637,1.0,low_treatment_variance,0.0,0.0,0.0,0.0,0,,,,,,,,3,4,3,s3_r4_t3
59,share_59,y_cap_drop_h,98893,173,0.0,0.3134462654203637,1.0,low_treatment_variance,0.0,0.0,0.0,0.0,0,,,,,,,,3,4,4,s3_r4_t4
60,share_60,y_cap_drop_h,98893,173,0.0,0.3134462654203637,1.0,low_treatment_variance,0.0,0.0,0.0,0.0,0,,,,,,,,3,4,5,s3_r4_t5
